id,roadCode,name,speedLimit
cmtb9ww1y00099wiruzret5fa,PRY-RD-MG,Mahatma Gandhi Marg,40
cmtb9ww1y000a9wire4uqokm2,PRY-RD-STATION,Civil Lines Station Approach,30
cmtb9ww1y000b9wirokpek47r,PRY-RD-KATRA,Katra Road and University Corridor,30
cmtb9ww1y000c9wirbbdw3ntr,PRY-RD-NORTH,Katra–Teliarganj–Phaphamau Corridor,50
cmtb9ww1y000d9wirw66w0fsh,PRY-RD-DARAGANJ,Allapur–Bairhana–Daraganj Road,30
cmtb9ww1y000e9wiruoebc9qp,PRY-RD-SANGAM,Sangam and Parade Approach,20
cmtb9ww1y000f9wirh4a0f6u8,PRY-RD-MINTO,Minto Road and Bridge Approach,30
cmtb9ww1y000g9wir7ep5oluu,PRY-RD-YAMUNA,New Yamuna Bridge,50
cmtb9ww1y000h9wirtxj4y2i9,PRY-RD-MIRZAPUR,"Mirzapur Road, Naini",40
cmtb9ww1y000i9wirifxfv1im,PRY-RD-SHASTRI,Shastri Bridge,40
cmtb9ww1y000j9wiro7p3mnhk,PRY-RD-JHUNSI,Jhunsi Road,40
cmtb9ww1y000k9wirgl55m6at,PRY-RD-MELA,Sangam–New Yamuna Link,20
cmtb9ww1y000l9wir5p6rprg3,PRY-RD-AIRPORT,Bamrauli Airport Road,60
cmtb9ww1y000m9wir7e7lvykz,PRY-RD-JHALWA,Jhalwa IT Corridor,40
cmtb9ww1y000n9wirkkxygdwl,PRY-RD-OLD_CITY,Chowk - Meerapur Road,30
cmtb9ww1y000o9wirtdjmz6cr,PRY-RD-INDUSTRIAL,Naini Industrial Highway,50
cmtb9ww1y000p9wirlqdj2a6r,PRY-RD-OLD_YAMUNA,Old Yamuna Bridge,40
cmtb9ww1y000q9wirupe5nlp9,PRY-RD-ALLENKGANJ,Allen Ganj & Govindpur,30
cmtb9ww1y000r9wironj9crqs,PRY-RD-HIGHWAY_SOUTH,Rewa Highway,70
