id,zoneCode,name
cmtb9wv2j00009wirn0c87iii,PRY-CENTRAL,Civil Lines and Railway Core
cmtb9wv2k00019wirb33f5oto,PRY-KATRA,"Katra, University and Allapur"
cmtb9wv2k00029wirniqv5v89,PRY-SANGAM,Sangam and Daraganj
cmtb9wv2k00039wirf3j465zy,PRY-NAINI,Naini and Yamuna Crossing
cmtb9wv2k00049wirf556zki4,PRY-NORTH,Teliarganj and Phaphamau
cmtb9wv2k00059wirfuds26h9,PRY-JHUNSI,Shastri Bridge and Jhunsi
cmtb9wv2k00069wirl11fuv0a,PRY-WEST,"Subedarganj, Jhalwa, Bamrauli"
cmtb9wv2k00079wirthf468j8,PRY-SOUTH,"Dandi, Ghoorpur, Industrial"
cmtb9wv2k00089wirbjhw9kfq,PRY-OLD_CITY,"Chowk, Meerapur, Rambagh"
