id,roadCode,name,speedLimit,geometry,createdAt,updatedAt
cmtbiv0kb00093girlgxg2g1h,PRY-RD-MG,Mahatma Gandhi Marg,40,"{""type"":""LineString"",""coordinates"":[[81.8321,25.4509],[81.8407,25.4501],[81.8468,25.4516],[81.8534,25.4542],[81.8565,25.4655]]}",2026-08-27T12:51:45.947Z,2026-08-27T12:51:45.947Z
cmtbiv0kb000a3gire84wdv80,PRY-RD-STATION,Civil Lines Station Approach,30,"{""type"":""LineString"",""coordinates"":[[81.8468,25.4516],[81.8382,25.4468],[81.8265,25.443],[81.8299,25.4376]]}",2026-08-27T12:51:45.947Z,2026-08-27T12:51:45.947Z
cmtbiv0kb000b3girmm2e62p9,PRY-RD-KATRA,Katra Road and University Corridor,30,"{""type"":""LineString"",""coordinates"":[[81.8565,25.4655],[81.8644,25.4586],[81.8716,25.4624],[81.8707,25.447]]}",2026-08-27T12:51:45.947Z,2026-08-27T12:51:45.947Z
cmtbiv0kb000c3gir2r9cqayf,PRY-RD-NORTH,Katra–Teliarganj–Phaphamau Corridor,50,"{""type"":""LineString"",""coordinates"":[[81.8565,25.4655],[81.8654,25.4874],[81.882,25.5403]]}",2026-08-27T12:51:45.947Z,2026-08-27T12:51:45.947Z
cmtbiv0kb000d3girne3ifg8f,PRY-RD-DARAGANJ,Allapur–Bairhana–Daraganj Road,30,"{""type"":""LineString"",""coordinates"":[[81.8707,25.447],[81.8778,25.4408],[81.8862,25.431]]}",2026-08-27T12:51:45.947Z,2026-08-27T12:51:45.947Z
cmtbiv0kb000e3girhp56w2e9,PRY-RD-SANGAM,Sangam and Parade Approach,20,"{""type"":""LineString"",""coordinates"":[[81.8862,25.431],[81.8822,25.4165]]}",2026-08-27T12:51:45.947Z,2026-08-27T12:51:45.947Z
cmtbiv0kb000f3girshzt7nfh,PRY-RD-MINTO,Minto Road and Bridge Approach,30,"{""type"":""LineString"",""coordinates"":[[81.8468,25.4516],[81.85,25.4271],[81.8598,25.4253]]}",2026-08-27T12:51:45.947Z,2026-08-27T12:51:45.947Z
cmtbiv0kb000g3gir26vs9pfs,PRY-RD-YAMUNA,New Yamuna Bridge,50,"{""type"":""LineString"",""coordinates"":[[81.8598,25.4253],[81.8624,25.4192],[81.865,25.412],[81.8692,25.4025]]}",2026-08-27T12:51:45.947Z,2026-08-27T12:51:45.947Z
cmtbiv0kb000h3giray0wjyen,PRY-RD-MIRZAPUR,"Mirzapur Road, Naini",40,"{""type"":""LineString"",""coordinates"":[[81.8692,25.4025],[81.877,25.3943],[81.888,25.3867]]}",2026-08-27T12:51:45.947Z,2026-08-27T12:51:45.947Z
cmtbiv0kc000i3girj5z6k9as,PRY-RD-SHASTRI,Shastri Bridge,40,"{""type"":""LineString"",""coordinates"":[[81.8707,25.447],[81.895,25.4365],[81.904,25.4378],[81.913,25.4388]]}",2026-08-27T12:51:45.947Z,2026-08-27T12:51:45.947Z
cmtbiv0kc000j3girt1t3xodl,PRY-RD-JHUNSI,Jhunsi Road,40,"{""type"":""LineString"",""coordinates"":[[81.913,25.4388],[81.925,25.436],[81.936,25.4345]]}",2026-08-27T12:51:45.947Z,2026-08-27T12:51:45.947Z
cmtbiv0kc000k3gir7q8y43rk,PRY-RD-MELA,Sangam–New Yamuna Link,20,"{""type"":""LineString"",""coordinates"":[[81.8822,25.4165],[81.85,25.4271],[81.8598,25.4253]]}",2026-08-27T12:51:45.947Z,2026-08-27T12:51:45.947Z
cmtbiv0kc000l3girwggdclhj,PRY-RD-AIRPORT,Bamrauli Airport Road,60,"{""type"":""LineString"",""coordinates"":[[81.8265,25.443],[81.8023,25.4421],[81.745,25.439],[81.735,25.44]]}",2026-08-27T12:51:45.947Z,2026-08-27T12:51:45.947Z
cmtbiv0kc000m3girc8sqfd0v,PRY-RD-JHALWA,Jhalwa IT Corridor,40,"{""type"":""LineString"",""coordinates"":[[81.8023,25.4421],[81.81,25.42],[81.785,25.432],[81.77,25.43]]}",2026-08-27T12:51:45.947Z,2026-08-27T12:51:45.947Z
cmtbiv0kc000n3gir01z67wul,PRY-RD-OLD_CITY,Chowk - Meerapur Road,30,"{""type"":""LineString"",""coordinates"":[[81.83,25.445],[81.835,25.44],[81.835,25.43],[81.8299,25.4376]]}",2026-08-27T12:51:45.947Z,2026-08-27T12:51:45.947Z
cmtbiv0kc000o3gir6fvvl6kn,PRY-RD-INDUSTRIAL,Naini Industrial Highway,50,"{""type"":""LineString"",""coordinates"":[[81.8692,25.4025],[81.86,25.39],[81.865,25.385],[81.85,25.37],[81.84,25.365]]}",2026-08-27T12:51:45.947Z,2026-08-27T12:51:45.947Z
cmtbiv0kc000p3girnhwyr0gq,PRY-RD-OLD_YAMUNA,Old Yamuna Bridge,40,"{""type"":""LineString"",""coordinates"":[[81.835,25.43],[81.85,25.423],[81.855,25.41],[81.86,25.39]]}",2026-08-27T12:51:45.947Z,2026-08-27T12:51:45.947Z
cmtbiv0kc000q3gircewtsyzb,PRY-RD-ALLENKGANJ,Allen Ganj & Govindpur,30,"{""type"":""LineString"",""coordinates"":[[81.8565,25.4655],[81.86,25.468],[81.87,25.48],[81.8654,25.4874]]}",2026-08-27T12:51:45.947Z,2026-08-27T12:51:45.947Z
cmtbiv0kc000r3gir4rdi7kcd,PRY-RD-HIGHWAY_SOUTH,Rewa Highway,70,"{""type"":""LineString"",""coordinates"":[[81.84,25.365],[81.82,25.35]]}",2026-08-27T12:51:45.947Z,2026-08-27T12:51:45.947Z